index,parfam,countryname,environ,culture,equality,pervote,rile,electionDate,partyname
1987-01-01,10,Italy,22.093000000000004,1.744,1.744,2.514,1.744,1987-06-01,Green Federation
1988-01-01,10,Italy,22.093000000000004,1.744,1.744,2.514,1.744,1987-06-01,Green Federation
1989-01-01,10,Italy,22.093000000000004,1.744,1.744,2.514,1.744,1987-06-01,Green Federation
1990-01-01,10,Italy,22.093000000000004,1.744,1.744,2.514,1.744,1987-06-01,Green Federation
1991-01-01,10,Italy,22.093000000000004,1.744,1.744,2.514,1.744,1987-06-01,Green Federation
1992-01-01,10,Italy,34.783,0.0,8.696,2.787,9.783,1992-04-01,Green Federation
1993-01-01,10,Italy,34.783,0.0,8.696,2.787,9.783,1992-04-01,Green Federation
1994-01-01,10,Italy,44.24,3.2260000000000004,0.0,2.701,-11.521,1994-03-01,Green Federation
1995-01-01,10,Italy,44.24,3.2260000000000004,0.0,2.701,-11.521,1994-03-01,Green Federation
1996-01-01,10,Italy,44.24,3.2260000000000004,0.0,2.5,-11.521,1996-04-01,Green Federation
1997-01-01,10,Italy,44.24,3.2260000000000004,0.0,2.5,-11.521,1996-04-01,Green Federation
1998-01-01,10,Italy,44.24,3.2260000000000004,0.0,2.5,-11.521,1996-04-01,Green Federation
1999-01-01,10,Italy,44.24,3.2260000000000004,0.0,2.5,-11.521,1996-04-01,Green Federation
2000-01-01,10,Italy,44.24,3.2260000000000004,0.0,2.5,-11.521,1996-04-01,Green Federation
2001-01-01,10,Italy,5.004,5.238,0.938,2.17,-7.584000000000001,2001-05-01,The Girasole (‘Sunflower')
2002-01-01,10,Italy,5.004,5.238,0.938,2.17,-7.584000000000001,2001-05-01,The Girasole (‘Sunflower')
2003-01-01,10,Italy,5.004,5.238,0.938,2.17,-7.584000000000001,2001-05-01,The Girasole (‘Sunflower')
2004-01-01,10,Italy,5.004,5.238,0.938,2.17,-7.584000000000001,2001-05-01,The Girasole (‘Sunflower')
2005-01-01,10,Italy,5.004,5.238,0.938,2.17,-7.584000000000001,2001-05-01,The Girasole (‘Sunflower')
2006-01-01,10,Italy,4.73,5.36,1.65,2.0540000000000003,-17.71,2006-04-01,Green Federation
2007-01-01,10,Italy,4.73,5.36,1.65,2.0540000000000003,-17.71,2006-04-01,Green Federation
2008-01-01,10,Italy,4.73,5.36,1.65,2.0540000000000003,-17.71,2006-04-01,Green Federation
2009-01-01,10,Italy,4.73,5.36,1.65,2.0540000000000003,-17.71,2006-04-01,Green Federation
2010-01-01,10,Italy,4.73,5.36,1.65,2.0540000000000003,-17.71,2006-04-01,Green Federation
2011-01-01,10,Italy,4.73,5.36,1.65,2.0540000000000003,-17.71,2006-04-01,Green Federation
2012-01-01,10,Italy,4.73,5.36,1.65,2.0540000000000003,-17.71,2006-04-01,Green Federation
2013-01-01,10,Italy,4.73,5.36,1.65,2.0540000000000003,-17.71,2006-04-01,Green Federation
2014-01-01,10,Italy,4.73,5.36,1.65,2.0540000000000003,-17.71,2006-04-01,Green Federation
2015-01-01,10,Italy,4.73,5.36,1.65,2.0540000000000003,-17.71,2006-04-01,Green Federation
2016-01-01,10,Italy,4.73,5.36,1.65,2.0540000000000003,-17.71,2006-04-01,Green Federation
2017-01-01,10,Italy,4.73,5.36,1.65,2.0540000000000003,-17.71,2006-04-01,Green Federation
2018-01-01,10,Italy,4.73,5.36,1.65,2.0540000000000003,-17.71,2006-04-01,Green Federation
2019-01-01,10,Italy,4.73,5.36,1.65,2.0540000000000003,-17.71,2006-04-01,Green Federation
2020-01-01,10,Italy,4.73,5.36,1.65,2.0540000000000003,-17.71,2006-04-01,Green Federation
1946-01-01,20,Italy,0.0,0.0,1.19,18.935,-22.619,1946-06-01,Italian Communist Party
1947-01-01,20,Italy,0.0,0.0,1.19,18.935,-22.619,1946-06-01,Italian Communist Party
1948-01-01,20,Italy,0.0,0.0,11.429,22.176,-11.429,1948-04-01,Italian Communist Party
1949-01-01,20,Italy,0.0,0.0,11.429,22.176,-11.429,1948-04-01,Italian Communist Party
1950-01-01,20,Italy,0.0,0.0,11.429,22.176,-11.429,1948-04-01,Italian Communist Party
1951-01-01,20,Italy,0.0,0.0,11.429,22.176,-11.429,1948-04-01,Italian Communist Party
1952-01-01,20,Italy,0.0,0.0,11.429,22.176,-11.429,1948-04-01,Italian Communist Party
1953-01-01,20,Italy,0.0,0.0,2.247,22.596,-1.124,1953-06-01,Italian Communist Party
1954-01-01,20,Italy,0.0,0.0,2.247,22.596,-1.124,1953-06-01,Italian Communist Party
1955-01-01,20,Italy,0.0,0.0,2.247,22.596,-1.124,1953-06-01,Italian Communist Party
1956-01-01,20,Italy,0.0,0.0,2.247,22.596,-1.124,1953-06-01,Italian Communist Party
1957-01-01,20,Italy,0.0,0.0,2.247,22.596,-1.124,1953-06-01,Italian Communist Party
1958-01-01,20,Italy,0.0,1.34,1.34,22.681,-28.418000000000006,1958-05-01,Italian Communist Party
1959-01-01,20,Italy,0.0,1.34,1.34,22.681,-28.418000000000006,1958-05-01,Italian Communist Party
1960-01-01,20,Italy,0.0,1.34,1.34,22.681,-28.418000000000006,1958-05-01,Italian Communist Party
1961-01-01,20,Italy,0.0,1.34,1.34,22.681,-28.418000000000006,1958-05-01,Italian Communist Party
1962-01-01,20,Italy,0.0,1.34,1.34,22.681,-28.418000000000006,1958-05-01,Italian Communist Party
1963-01-01,20,Italy,0.0,1.277,0.0,25.256,-25.957,1963-04-01,Italian Communist Party
1964-01-01,20,Italy,0.0,1.277,0.0,25.256,-25.957,1963-04-01,Italian Communist Party
1965-01-01,20,Italy,0.0,1.277,0.0,25.256,-25.957,1963-04-01,Italian Communist Party
1966-01-01,20,Italy,0.0,1.277,0.0,25.256,-25.957,1963-04-01,Italian Communist Party
1967-01-01,20,Italy,0.0,1.277,0.0,25.256,-25.957,1963-04-01,Italian Communist Party
1968-01-01,20,Italy,0.339,0.0,0.6779999999999999,26.907,-30.169,1968-05-01,Italian Communist Party
1969-01-01,20,Italy,0.339,0.0,0.6779999999999999,26.907,-30.169,1968-05-01,Italian Communist Party
1970-01-01,20,Italy,0.339,0.0,0.6779999999999999,26.907,-30.169,1968-05-01,Italian Communist Party
1971-01-01,20,Italy,0.339,0.0,0.6779999999999999,26.907,-30.169,1968-05-01,Italian Communist Party
1972-01-01,20,Italy,0.716,4.057,0.955,27.153,-18.854,1972-05-01,Italian Communist Party
1973-01-01,20,Italy,0.716,4.057,0.955,27.153,-18.854,1972-05-01,Italian Communist Party
1974-01-01,20,Italy,0.716,4.057,0.955,27.153,-18.854,1972-05-01,Italian Communist Party
1975-01-01,20,Italy,0.716,4.057,0.955,27.153,-18.854,1972-05-01,Italian Communist Party
1976-01-01,20,Italy,4.773,0.0,0.227,0.76,-14.318,1976-06-01,Proletarian Unity Party for Communism (The Manifesto + Proletarian Unity Party)
1977-01-01,20,Italy,4.773,0.0,0.227,0.76,-14.318,1976-06-01,Proletarian Unity Party for Communism (The Manifesto + Proletarian Unity Party)
1978-01-01,20,Italy,4.773,0.0,0.227,0.76,-14.318,1976-06-01,Proletarian Unity Party for Communism (The Manifesto + Proletarian Unity Party)
1979-01-01,20,Italy,4.773,0.0,0.227,1.372,-14.318,1979-06-01,Proletarian Unity Party for Communism (The Manifesto + Proletarian Unity Party)
1980-01-01,20,Italy,4.773,0.0,0.227,1.372,-14.318,1979-06-01,Proletarian Unity Party for Communism (The Manifesto + Proletarian Unity Party)
1981-01-01,20,Italy,4.773,0.0,0.227,1.372,-14.318,1979-06-01,Proletarian Unity Party for Communism (The Manifesto + Proletarian Unity Party)
1982-01-01,20,Italy,4.773,0.0,0.227,1.372,-14.318,1979-06-01,Proletarian Unity Party for Communism (The Manifesto + Proletarian Unity Party)
1983-01-01,20,Italy,4.773,0.0,0.227,0.906,-14.318,1983-06-01,Proletarian Unity Party for Communism (The Manifesto + Proletarian Unity Party)
1984-01-01,20,Italy,4.773,0.0,0.227,0.906,-14.318,1983-06-01,Proletarian Unity Party for Communism (The Manifesto + Proletarian Unity Party)
1985-01-01,20,Italy,4.773,0.0,0.227,0.906,-14.318,1983-06-01,Proletarian Unity Party for Communism (The Manifesto + Proletarian Unity Party)
1986-01-01,20,Italy,4.773,0.0,0.227,0.906,-14.318,1983-06-01,Proletarian Unity Party for Communism (The Manifesto + Proletarian Unity Party)
1987-01-01,20,Italy,5.556,0.0,0.556,1.664,-21.111,1987-06-01,Proletarian Democracy
1988-01-01,20,Italy,5.556,0.0,0.556,1.664,-21.111,1987-06-01,Proletarian Democracy
1989-01-01,20,Italy,5.556,0.0,0.556,1.664,-21.111,1987-06-01,Proletarian Democracy
1990-01-01,20,Italy,5.556,0.0,0.556,1.664,-21.111,1987-06-01,Proletarian Democracy
1991-01-01,20,Italy,5.556,0.0,0.556,1.664,-21.111,1987-06-01,Proletarian Democracy
1992-01-01,20,Italy,4.072,3.62,3.62,5.6179999999999986,-26.697,1992-04-01,Communist Refoundation Party
1993-01-01,20,Italy,4.072,3.62,3.62,5.6179999999999986,-26.697,1992-04-01,Communist Refoundation Party
1994-01-01,20,Italy,4.178,3.9,5.5710000000000015,6.047999999999999,-24.234,1994-03-01,Communist Refoundation Party
1995-01-01,20,Italy,4.178,3.9,5.5710000000000015,6.047999999999999,-24.234,1994-03-01,Communist Refoundation Party
1996-01-01,20,Italy,2.454,1.84,5.521,8.576,-26.994,1996-04-01,Communist Refoundation Party
1997-01-01,20,Italy,2.454,1.84,5.521,8.576,-26.994,1996-04-01,Communist Refoundation Party
1998-01-01,20,Italy,2.454,1.84,5.521,8.576,-26.994,1996-04-01,Communist Refoundation Party
1999-01-01,20,Italy,2.454,1.84,5.521,8.576,-26.994,1996-04-01,Communist Refoundation Party
2000-01-01,20,Italy,2.454,1.84,5.521,8.576,-26.994,1996-04-01,Communist Refoundation Party
2001-01-01,20,Italy,8.304,4.4830000000000005,5.706,5.03,-31.992,2001-05-01,Communist Refoundation Party
2002-01-01,20,Italy,8.304,4.4830000000000005,5.706,5.03,-31.992,2001-05-01,Communist Refoundation Party
2003-01-01,20,Italy,8.304,4.4830000000000005,5.706,5.03,-31.992,2001-05-01,Communist Refoundation Party
2004-01-01,20,Italy,8.304,4.4830000000000005,5.706,5.03,-31.992,2001-05-01,Communist Refoundation Party
2005-01-01,20,Italy,8.304,4.4830000000000005,5.706,5.03,-31.992,2001-05-01,Communist Refoundation Party
2006-01-01,20,Italy,4.73,5.36,1.65,5.8439999999999985,-17.71,2006-04-01,Communist Refoundation Party
2007-01-01,20,Italy,4.73,5.36,1.65,5.8439999999999985,-17.71,2006-04-01,Communist Refoundation Party
2008-01-01,20,Italy,4.73,5.36,1.65,5.8439999999999985,-17.71,2006-04-01,Communist Refoundation Party
2009-01-01,20,Italy,4.73,5.36,1.65,5.8439999999999985,-17.71,2006-04-01,Communist Refoundation Party
2010-01-01,20,Italy,4.73,5.36,1.65,5.8439999999999985,-17.71,2006-04-01,Communist Refoundation Party
2011-01-01,20,Italy,4.73,5.36,1.65,5.8439999999999985,-17.71,2006-04-01,Communist Refoundation Party
2012-01-01,20,Italy,4.73,5.36,1.65,5.8439999999999985,-17.71,2006-04-01,Communist Refoundation Party
2013-01-01,20,Italy,7.005,8.213000000000001,10.628,2.25,-20.531,2013-02-01,Civil Revolution
2014-01-01,20,Italy,7.005,8.213000000000001,10.628,2.25,-20.531,2013-02-01,Civil Revolution
2015-01-01,20,Italy,7.005,8.213000000000001,10.628,2.25,-20.531,2013-02-01,Civil Revolution
2016-01-01,20,Italy,7.005,8.213000000000001,10.628,2.25,-20.531,2013-02-01,Civil Revolution
2017-01-01,20,Italy,7.005,8.213000000000001,10.628,2.25,-20.531,2013-02-01,Civil Revolution
2018-01-01,20,Italy,17.815,2.613,5.938,0.56,-13.777,2018-03-01,Italy Europe Together
2019-01-01,20,Italy,17.815,2.613,5.938,0.56,-13.777,2018-03-01,Italy Europe Together
2020-01-01,20,Italy,17.815,2.613,5.938,0.56,-13.777,2018-03-01,Italy Europe Together
1976-01-01,20,Italy,0.408,2.857,2.245,34.372,-7.551,1976-06-01,Italian Communist Party
1979-01-01,20,Italy,2.397,7.534,1.256,30.383000000000006,-16.667,1979-06-01,Italian Communist Party
1983-01-01,20,Italy,5.556,0.0,0.556,1.47,-21.111,1983-06-01,Proletarian Democracy
1983-01-01,20,Italy,0.9540000000000001,1.06,0.212,28.983,-6.681,1983-06-01,Italian Communist Party
1987-01-01,20,Italy,7.394,1.761,5.9860000000000015,26.572,-22.887,1987-06-01,Italian Communist Party
1992-01-01,20,Italy,0.37,0.0,7.778,16.108,10.741,1992-04-01,Democratic Party of the Left
1994-01-01,20,Italy,1.2819999999999998,0.0,4.487,20.354,7.051,1994-03-01,Democratic Party of the Left
1996-01-01,20,Italy,0.935,10.28,5.607,21.058000000000003,16.822,1996-04-01,Democratic Party of the Left
2001-01-01,20,Italy,5.004,5.238,0.938,1.67,-7.584000000000001,2001-05-01,Party of Italian Communists
2001-01-01,20,Italy,5.004,5.238,0.938,16.56,-7.584000000000001,2001-05-01,Democrats of the Left
2006-01-01,20,Italy,4.73,5.36,1.65,2.319,-17.71,2006-04-01,Party of Italian Communists
2006-01-01,20,Italy,4.73,5.36,1.65,2.597,-17.71,2006-04-01,Rose in the Fist
2013-01-01,20,Italy,13.903,14.405,7.035,3.204,-19.43,2013-02-01,Left Ecology Freedom
1946-01-01,30,Italy,0.0,0.0,1.515,20.705,-31.818,1946-06-01,Italian Socialist Party
1947-01-01,30,Italy,0.0,0.0,1.515,20.705,-31.818,1946-06-01,Italian Socialist Party
1948-01-01,30,Italy,0.0,0.0,6.897,8.800000000000002,-13.793,1948-04-01,Italian Socialist Party
1949-01-01,30,Italy,0.0,0.0,6.897,8.800000000000002,-13.793,1948-04-01,Italian Socialist Party
1950-01-01,30,Italy,0.0,0.0,6.897,8.800000000000002,-13.793,1948-04-01,Italian Socialist Party
1951-01-01,30,Italy,0.0,0.0,6.897,8.800000000000002,-13.793,1948-04-01,Italian Socialist Party
1952-01-01,30,Italy,0.0,0.0,6.897,8.800000000000002,-13.793,1948-04-01,Italian Socialist Party
1953-01-01,30,Italy,0.0,0.0,0.0,12.702,-7.3679999999999986,1953-06-01,Italian Socialist Party
1954-01-01,30,Italy,0.0,0.0,0.0,12.702,-7.3679999999999986,1953-06-01,Italian Socialist Party
1955-01-01,30,Italy,0.0,0.0,0.0,12.702,-7.3679999999999986,1953-06-01,Italian Socialist Party
1956-01-01,30,Italy,0.0,0.0,0.0,12.702,-7.3679999999999986,1953-06-01,Italian Socialist Party
1957-01-01,30,Italy,0.0,0.0,0.0,12.702,-7.3679999999999986,1953-06-01,Italian Socialist Party
1958-01-01,30,Italy,0.0,1.111,0.556,14.231,-28.056,1958-05-01,Italian Socialist Party
1959-01-01,30,Italy,0.0,1.111,0.556,14.231,-28.056,1958-05-01,Italian Socialist Party
1960-01-01,30,Italy,0.0,1.111,0.556,14.231,-28.056,1958-05-01,Italian Socialist Party
1961-01-01,30,Italy,0.0,1.111,0.556,14.231,-28.056,1958-05-01,Italian Socialist Party
1962-01-01,30,Italy,0.0,1.111,0.556,14.231,-28.056,1958-05-01,Italian Socialist Party
1963-01-01,30,Italy,0.134,4.806,0.0,13.841,-31.242,1963-04-01,Italian Socialist Party
1964-01-01,30,Italy,0.134,4.806,0.0,13.841,-31.242,1963-04-01,Italian Socialist Party
1965-01-01,30,Italy,0.134,4.806,0.0,13.841,-31.242,1963-04-01,Italian Socialist Party
1966-01-01,30,Italy,0.134,4.806,0.0,13.841,-31.242,1963-04-01,Italian Socialist Party
1967-01-01,30,Italy,0.134,4.806,0.0,13.841,-31.242,1963-04-01,Italian Socialist Party
1968-01-01,30,Italy,0.0,0.0,0.0,14.482,-18.699,1968-05-01,Unified Italian Socialist Party-Italian Democratic Socialist Party
1969-01-01,30,Italy,0.0,0.0,0.0,14.482,-18.699,1968-05-01,Unified Italian Socialist Party-Italian Democratic Socialist Party
1970-01-01,30,Italy,0.0,0.0,0.0,14.482,-18.699,1968-05-01,Unified Italian Socialist Party-Italian Democratic Socialist Party
1971-01-01,30,Italy,0.0,0.0,0.0,14.482,-18.699,1968-05-01,Unified Italian Socialist Party-Italian Democratic Socialist Party
1972-01-01,30,Italy,0.4370000000000001,0.0,0.4370000000000001,9.605,-40.175,1972-05-01,Italian Socialist Party
1973-01-01,30,Italy,0.4370000000000001,0.0,0.4370000000000001,9.605,-40.175,1972-05-01,Italian Socialist Party
1974-01-01,30,Italy,0.4370000000000001,0.0,0.4370000000000001,9.605,-40.175,1972-05-01,Italian Socialist Party
1975-01-01,30,Italy,0.4370000000000001,0.0,0.4370000000000001,9.605,-40.175,1972-05-01,Italian Socialist Party
1976-01-01,30,Italy,0.0,0.0,2.128,1.075,31.915,1976-06-01,Radical Party
1977-01-01,30,Italy,0.0,0.0,2.128,1.075,31.915,1976-06-01,Radical Party
1978-01-01,30,Italy,0.0,0.0,2.128,1.075,31.915,1976-06-01,Radical Party
1979-01-01,30,Italy,0.0,0.0,1.064,3.451,32.624,1979-06-01,Radical Party
1980-01-01,30,Italy,0.0,0.0,1.064,3.451,32.624,1979-06-01,Radical Party
1981-01-01,30,Italy,0.0,0.0,1.064,3.451,32.624,1979-06-01,Radical Party
1982-01-01,30,Italy,0.0,0.0,1.064,3.451,32.624,1979-06-01,Radical Party
1983-01-01,30,Italy,0.0,0.0,1.064,2.199,32.624,1983-06-01,Radical Party
1984-01-01,30,Italy,0.0,0.0,1.064,2.199,32.624,1983-06-01,Radical Party
1985-01-01,30,Italy,0.0,0.0,1.064,2.199,32.624,1983-06-01,Radical Party
1986-01-01,30,Italy,0.0,0.0,1.064,2.199,32.624,1983-06-01,Radical Party
1987-01-01,30,Italy,0.0,0.0,1.064,2.5610000000000004,32.624,1987-06-01,Radical Party
1988-01-01,30,Italy,0.0,0.0,1.064,2.5610000000000004,32.624,1987-06-01,Radical Party
1989-01-01,30,Italy,0.0,0.0,1.064,2.5610000000000004,32.624,1987-06-01,Radical Party
1990-01-01,30,Italy,0.0,0.0,1.064,2.5610000000000004,32.624,1987-06-01,Radical Party
1991-01-01,30,Italy,0.0,0.0,1.064,2.5610000000000004,32.624,1987-06-01,Radical Party
1992-01-01,30,Italy,0.0,0.0,0.0,1.238,33.333,1992-04-01,Pannella List
1993-01-01,30,Italy,0.0,0.0,0.0,1.238,33.333,1992-04-01,Pannella List
1994-01-01,30,Italy,0.0,0.0,0.0,3.513,33.333,1994-03-01,Pannella-Riformatori List
1995-01-01,30,Italy,0.0,0.0,0.0,3.513,33.333,1994-03-01,Pannella-Riformatori List
1996-01-01,30,Italy,0.0,0.0,0.0,1.869,33.333,1996-04-01,Pannella-Sgarbi List
1997-01-01,30,Italy,0.0,0.0,0.0,1.869,33.333,1996-04-01,Pannella-Sgarbi List
1998-01-01,30,Italy,0.0,0.0,0.0,1.869,33.333,1996-04-01,Pannella-Sgarbi List
1999-01-01,30,Italy,0.0,0.0,0.0,1.869,33.333,1996-04-01,Pannella-Sgarbi List
2000-01-01,30,Italy,0.0,0.0,0.0,1.869,33.333,1996-04-01,Pannella-Sgarbi List
2001-01-01,30,Italy,5.004,5.238,0.938,,-7.584000000000001,2001-05-01,Olive Tree
2002-01-01,30,Italy,5.004,5.238,0.938,,-7.584000000000001,2001-05-01,Olive Tree
2003-01-01,30,Italy,5.004,5.238,0.938,,-7.584000000000001,2001-05-01,Olive Tree
2004-01-01,30,Italy,5.004,5.238,0.938,,-7.584000000000001,2001-05-01,Olive Tree
2005-01-01,30,Italy,5.004,5.238,0.938,,-7.584000000000001,2001-05-01,Olive Tree
2006-01-01,30,Italy,4.73,5.36,1.65,31.265,-17.71,2006-04-01,Olive Tree
2007-01-01,30,Italy,4.73,5.36,1.65,31.265,-17.71,2006-04-01,Olive Tree
2008-01-01,30,Italy,4.04,0.0,1.01,33.163000000000004,-7.576000000000001,2008-04-01,Democratic Party
2009-01-01,30,Italy,4.04,0.0,1.01,33.163000000000004,-7.576000000000001,2008-04-01,Democratic Party
2010-01-01,30,Italy,4.04,0.0,1.01,33.163000000000004,-7.576000000000001,2008-04-01,Democratic Party
2011-01-01,30,Italy,4.04,0.0,1.01,33.163000000000004,-7.576000000000001,2008-04-01,Democratic Party
2012-01-01,30,Italy,4.04,0.0,1.01,33.163000000000004,-7.576000000000001,2008-04-01,Democratic Party
2013-01-01,30,Italy,0.0,0.0,18.627,25.423,-6.863,2013-02-01,Democratic Party
2014-01-01,30,Italy,0.0,0.0,18.627,25.423,-6.863,2013-02-01,Democratic Party
2015-01-01,30,Italy,0.0,0.0,18.627,25.423,-6.863,2013-02-01,Democratic Party
2016-01-01,30,Italy,0.0,0.0,18.627,25.423,-6.863,2013-02-01,Democratic Party
2017-01-01,30,Italy,0.0,0.0,18.627,25.423,-6.863,2013-02-01,Democratic Party
2018-01-01,30,Italy,11.189,4.1960000000000015,10.839,3.466,-18.531,2018-03-01,Free and Equal
2019-01-01,30,Italy,11.189,4.1960000000000015,10.839,3.466,-18.531,2018-03-01,Free and Equal
2020-01-01,30,Italy,11.189,4.1960000000000015,10.839,3.466,-18.531,2018-03-01,Free and Equal
1948-01-01,30,Italy,0.0,0.0,0.0,7.074,-36.434,1948-04-01,Socialist Party of Italian Workers
1953-01-01,30,Italy,0.0,1.786,3.571,4.515,-25.0,1953-06-01,Italian Democratic Socialist Party
1958-01-01,30,Italy,0.0,0.0,2.778,4.552,-24.074,1958-05-01,Italian Democratic Socialist Party
1963-01-01,30,Italy,0.0,1.639,0.0,6.101,-29.508000000000006,1963-04-01,Italian Democratic Socialist Party
1972-01-01,30,Italy,3.053,0.0,0.0,5.142,-11.45,1972-05-01,Italian Democratic Socialist Party
1976-01-01,30,Italy,2.475,1.98,0.495,9.645,-10.396,1976-06-01,Italian Socialist Party
1976-01-01,30,Italy,0.231,0.0,1.617,3.369,-6.928,1976-06-01,Italian Democratic Socialist Party
1979-01-01,30,Italy,0.8190000000000001,2.046,0.136,9.805,-11.187,1979-06-01,Italian Socialist Party
1979-01-01,30,Italy,0.35600000000000004,2.135,1.423,3.836,2.491,1979-06-01,Italian Democratic Socialist Party
1983-01-01,30,Italy,0.314,0.0,1.884,11.441,-6.75,1983-06-01,Italian Socialist Party
1983-01-01,30,Italy,0.0,0.0,0.0,4.085,-11.314,1983-06-01,Italian Democratic Socialist Party
1987-01-01,30,Italy,2.827,3.534,6.36,14.264,4.24,1987-06-01,Italian Socialist Party
1987-01-01,30,Italy,2.759,0.0,6.5520000000000005,2.9560000000000004,18.276,1987-06-01,Italian Democratic Socialist Party
1992-01-01,30,Italy,1.84,4.862,4.993,13.61,8.016,1992-04-01,Italian Socialist Party
1992-01-01,30,Italy,3.1010000000000004,3.876,8.527000000000001,2.7110000000000003,2.326,1992-04-01,Italian Democratic Socialist Party
1994-01-01,30,Italy,1.84,4.862,4.993,2.181,8.016,1994-03-01,Italian Socialist Party
1996-01-01,30,Italy,2.9410000000000003,0.0,0.0,4.339,35.29400000000001,1996-04-01,Italian Renewal
2018-01-01,30,Italy,3.198,5.3820000000000014,5.616000000000001,18.981,-8.267999999999999,2018-03-01,Democratic Party
1946-01-01,40,Italy,0.0,0.0,1.587,4.783,-5.556,1946-06-01,Italian Republican Party
1947-01-01,40,Italy,0.0,0.0,1.587,4.783,-5.556,1946-06-01,Italian Republican Party
1948-01-01,40,Italy,0.0,0.0,5.1720000000000015,2.484,-22.414,1948-04-01,Italian Republican Party
1949-01-01,40,Italy,0.0,0.0,5.1720000000000015,2.484,-22.414,1948-04-01,Italian Republican Party
1950-01-01,40,Italy,0.0,0.0,5.1720000000000015,2.484,-22.414,1948-04-01,Italian Republican Party
1951-01-01,40,Italy,0.0,0.0,5.1720000000000015,2.484,-22.414,1948-04-01,Italian Republican Party
1952-01-01,40,Italy,0.0,0.0,5.1720000000000015,2.484,-22.414,1948-04-01,Italian Republican Party
1953-01-01,40,Italy,0.0,0.0,3.902,1.617,-20.856,1953-06-01,Italian Republican Party
1954-01-01,40,Italy,0.0,0.0,3.902,1.617,-20.856,1953-06-01,Italian Republican Party
1955-01-01,40,Italy,0.0,0.0,3.902,1.617,-20.856,1953-06-01,Italian Republican Party
1956-01-01,40,Italy,0.0,0.0,3.902,1.617,-20.856,1953-06-01,Italian Republican Party
1957-01-01,40,Italy,0.0,0.0,3.902,1.617,-20.856,1953-06-01,Italian Republican Party
1958-01-01,40,Italy,0.0,0.0,2.632,1.3730000000000002,-19.298,1958-05-01,Italian Republican Party
1959-01-01,40,Italy,0.0,0.0,2.632,1.3730000000000002,-19.298,1958-05-01,Italian Republican Party
1960-01-01,40,Italy,0.0,0.0,2.632,1.3730000000000002,-19.298,1958-05-01,Italian Republican Party
1961-01-01,40,Italy,0.0,0.0,2.632,1.3730000000000002,-19.298,1958-05-01,Italian Republican Party
1962-01-01,40,Italy,0.0,0.0,2.632,1.3730000000000002,-19.298,1958-05-01,Italian Republican Party
1963-01-01,40,Italy,0.0,0.0,2.407,1.367,-21.444000000000006,1963-04-01,Italian Republican Party
1964-01-01,40,Italy,0.0,0.0,2.407,1.367,-21.444000000000006,1963-04-01,Italian Republican Party
1965-01-01,40,Italy,0.0,0.0,2.407,1.367,-21.444000000000006,1963-04-01,Italian Republican Party
1966-01-01,40,Italy,0.0,0.0,2.407,1.367,-21.444000000000006,1963-04-01,Italian Republican Party
1967-01-01,40,Italy,0.0,0.0,2.407,1.367,-21.444000000000006,1963-04-01,Italian Republican Party
1968-01-01,40,Italy,0.0,0.0,0.0,1.97,1.538,1968-05-01,Italian Republican Party
1969-01-01,40,Italy,0.0,0.0,0.0,1.97,1.538,1968-05-01,Italian Republican Party
1970-01-01,40,Italy,0.0,0.0,0.0,1.97,1.538,1968-05-01,Italian Republican Party
1971-01-01,40,Italy,0.0,0.0,0.0,1.97,1.538,1968-05-01,Italian Republican Party
1972-01-01,40,Italy,0.0,0.0,0.0,2.857,-3.96,1972-05-01,Italian Republican Party
1973-01-01,40,Italy,0.0,0.0,0.0,2.857,-3.96,1972-05-01,Italian Republican Party
1974-01-01,40,Italy,0.0,0.0,0.0,2.857,-3.96,1972-05-01,Italian Republican Party
1975-01-01,40,Italy,0.0,0.0,0.0,2.857,-3.96,1972-05-01,Italian Republican Party
1976-01-01,40,Italy,0.465,0.0,0.0,3.091,3.721,1976-06-01,Italian Republican Party
1977-01-01,40,Italy,0.465,0.0,0.0,3.091,3.721,1976-06-01,Italian Republican Party
1978-01-01,40,Italy,0.465,0.0,0.0,3.091,3.721,1976-06-01,Italian Republican Party
1979-01-01,40,Italy,0.0,0.0,0.0,3.024,-2.778,1979-06-01,Italian Republican Party
1980-01-01,40,Italy,0.0,0.0,0.0,3.024,-2.778,1979-06-01,Italian Republican Party
1981-01-01,40,Italy,0.0,0.0,0.0,3.024,-2.778,1979-06-01,Italian Republican Party
1982-01-01,40,Italy,0.0,0.0,0.0,3.024,-2.778,1979-06-01,Italian Republican Party
1983-01-01,40,Italy,3.15,0.984,0.984,5.08,-0.197,1983-06-01,Italian Republican Party
1984-01-01,40,Italy,3.15,0.984,0.984,5.08,-0.197,1983-06-01,Italian Republican Party
1985-01-01,40,Italy,3.15,0.984,0.984,5.08,-0.197,1983-06-01,Italian Republican Party
1986-01-01,40,Italy,3.15,0.984,0.984,5.08,-0.197,1983-06-01,Italian Republican Party
1987-01-01,40,Italy,0.847,0.0,0.0,3.703,45.76300000000001,1987-06-01,Italian Republican Party
1988-01-01,40,Italy,0.847,0.0,0.0,3.703,45.76300000000001,1987-06-01,Italian Republican Party
1989-01-01,40,Italy,0.847,0.0,0.0,3.703,45.76300000000001,1987-06-01,Italian Republican Party
1990-01-01,40,Italy,0.847,0.0,0.0,3.703,45.76300000000001,1987-06-01,Italian Republican Party
1991-01-01,40,Italy,0.847,0.0,0.0,3.703,45.76300000000001,1987-06-01,Italian Republican Party
1992-01-01,40,Italy,5.102,0.0,2.041,4.391,36.735,1992-04-01,Italian Republican Party
1993-01-01,40,Italy,5.102,0.0,2.041,4.391,36.735,1992-04-01,Italian Republican Party
1994-01-01,40,Italy,5.102,0.0,2.041,4.391,36.735,1992-04-01,Italian Republican Party
1995-01-01,40,Italy,5.102,0.0,2.041,4.391,36.735,1992-04-01,Italian Republican Party
1996-01-01,40,Italy,5.102,0.0,2.041,4.391,36.735,1992-04-01,Italian Republican Party
1997-01-01,40,Italy,5.102,0.0,2.041,4.391,36.735,1992-04-01,Italian Republican Party
1998-01-01,40,Italy,5.102,0.0,2.041,4.391,36.735,1992-04-01,Italian Republican Party
1999-01-01,40,Italy,5.102,0.0,2.041,4.391,36.735,1992-04-01,Italian Republican Party
2000-01-01,40,Italy,5.102,0.0,2.041,4.391,36.735,1992-04-01,Italian Republican Party
2001-01-01,40,Italy,5.004,5.238,0.938,14.51,-7.584000000000001,2001-05-01,Daisy - Democracy is Freedom
2002-01-01,40,Italy,5.004,5.238,0.938,14.51,-7.584000000000001,2001-05-01,Daisy - Democracy is Freedom
2003-01-01,40,Italy,5.004,5.238,0.938,14.51,-7.584000000000001,2001-05-01,Daisy - Democracy is Freedom
2004-01-01,40,Italy,5.004,5.238,0.938,14.51,-7.584000000000001,2001-05-01,Daisy - Democracy is Freedom
2005-01-01,40,Italy,5.004,5.238,0.938,14.51,-7.584000000000001,2001-05-01,Daisy - Democracy is Freedom
2006-01-01,40,Italy,5.004,5.238,0.938,14.51,-7.584000000000001,2001-05-01,Daisy - Democracy is Freedom
2007-01-01,40,Italy,5.004,5.238,0.938,14.51,-7.584000000000001,2001-05-01,Daisy - Democracy is Freedom
2008-01-01,40,Italy,5.004,5.238,0.938,14.51,-7.584000000000001,2001-05-01,Daisy - Democracy is Freedom
2009-01-01,40,Italy,5.004,5.238,0.938,14.51,-7.584000000000001,2001-05-01,Daisy - Democracy is Freedom
2010-01-01,40,Italy,5.004,5.238,0.938,14.51,-7.584000000000001,2001-05-01,Daisy - Democracy is Freedom
2011-01-01,40,Italy,5.004,5.238,0.938,14.51,-7.584000000000001,2001-05-01,Daisy - Democracy is Freedom
2012-01-01,40,Italy,5.004,5.238,0.938,14.51,-7.584000000000001,2001-05-01,Daisy - Democracy is Freedom
2013-01-01,40,Italy,0.765,0.0,8.418000000000001,0.491,24.49,2013-02-01,Democratic Centre
2014-01-01,40,Italy,0.765,0.0,8.418000000000001,0.491,24.49,2013-02-01,Democratic Centre
2015-01-01,40,Italy,0.765,0.0,8.418000000000001,0.491,24.49,2013-02-01,Democratic Centre
2016-01-01,40,Italy,0.765,0.0,8.418000000000001,0.491,24.49,2013-02-01,Democratic Centre
2017-01-01,40,Italy,0.765,0.0,8.418000000000001,0.491,24.49,2013-02-01,Democratic Centre
2018-01-01,40,Italy,5.3,2.074,3.2260000000000004,2.662,-2.074,2018-03-01,More Europe
2019-01-01,40,Italy,5.3,2.074,3.2260000000000004,2.662,-2.074,2018-03-01,More Europe
2020-01-01,40,Italy,5.3,2.074,3.2260000000000004,2.662,-2.074,2018-03-01,More Europe
1946-01-01,40,Italy,0.0,0.0,3.125,6.778,-9.375,1946-06-01,Italian Liberal Party
1948-01-01,40,Italy,0.0,0.0,0.0,3.825,45.0,1948-04-01,Italian Liberal Party
1953-01-01,40,Italy,0.0,0.459,0.917,3.013,-0.459,1953-06-01,Italian Liberal Party
1958-01-01,40,Italy,0.0,0.0,0.0,3.544,19.149,1958-05-01,Italian Liberal Party
1963-01-01,40,Italy,0.0,0.0,0.0,6.97,2.885,1963-04-01,Italian Liberal Party
1968-01-01,40,Italy,0.0,5.233000000000001,0.581,5.82,-12.209,1968-05-01,Italian Liberal Party
1972-01-01,40,Italy,0.0,0.0,2.927,3.882,-6.829,1972-05-01,Italian Liberal Party
1976-01-01,40,Italy,0.0,1.856,1.392,1.3019999999999998,-0.464,1976-06-01,Italian Liberal Party
1979-01-01,40,Italy,0.0,0.0,2.959,1.948,-5.03,1979-06-01,Italian Liberal Party
1983-01-01,40,Italy,3.254,0.0,0.888,2.8960000000000004,3.55,1983-06-01,Italian Liberal Party
1987-01-01,40,Italy,4.188,0.524,1.571,2.102,30.366,1987-06-01,Italian Liberal Party
1992-01-01,40,Italy,1.98,2.64,0.66,2.855,10.561,1992-04-01,Italian Liberal Party
2013-01-01,40,Italy,4.167,2.083,10.119,8.305,1.19,2013-02-01,Civic Choice
1946-01-01,50,Italy,0.0,0.0,8.333,35.204,29.167,1946-06-01,Christian Democrats
1947-01-01,50,Italy,0.0,0.0,8.333,35.204,29.167,1946-06-01,Christian Democrats
1948-01-01,50,Italy,0.0,0.0,2.381,48.503,7.143,1948-04-01,Christian Democrats
1949-01-01,50,Italy,0.0,0.0,2.381,48.503,7.143,1948-04-01,Christian Democrats
1950-01-01,50,Italy,0.0,0.0,2.381,48.503,7.143,1948-04-01,Christian Democrats
1951-01-01,50,Italy,0.0,0.0,2.381,48.503,7.143,1948-04-01,Christian Democrats
1952-01-01,50,Italy,0.0,0.0,2.381,48.503,7.143,1948-04-01,Christian Democrats
1953-01-01,50,Italy,0.0,1.064,4.255,40.1,-12.765999999999998,1953-06-01,Christian Democrats
1954-01-01,50,Italy,0.0,1.064,4.255,40.1,-12.765999999999998,1953-06-01,Christian Democrats
1955-01-01,50,Italy,0.0,1.064,4.255,40.1,-12.765999999999998,1953-06-01,Christian Democrats
1956-01-01,50,Italy,0.0,1.064,4.255,40.1,-12.765999999999998,1953-06-01,Christian Democrats
1957-01-01,50,Italy,0.0,1.064,4.255,40.1,-12.765999999999998,1953-06-01,Christian Democrats
1958-01-01,50,Italy,0.0,0.877,0.0,42.355,-9.649,1958-05-01,Christian Democrats
1959-01-01,50,Italy,0.0,0.877,0.0,42.355,-9.649,1958-05-01,Christian Democrats
1960-01-01,50,Italy,0.0,0.877,0.0,42.355,-9.649,1958-05-01,Christian Democrats
1961-01-01,50,Italy,0.0,0.877,0.0,42.355,-9.649,1958-05-01,Christian Democrats
1962-01-01,50,Italy,0.0,0.877,0.0,42.355,-9.649,1958-05-01,Christian Democrats
1963-01-01,50,Italy,0.209,1.883,2.092,38.186,-5.858000000000001,1963-04-01,Christian Democrats
1964-01-01,50,Italy,0.209,1.883,2.092,38.186,-5.858000000000001,1963-04-01,Christian Democrats
1965-01-01,50,Italy,0.209,1.883,2.092,38.186,-5.858000000000001,1963-04-01,Christian Democrats
1966-01-01,50,Italy,0.209,1.883,2.092,38.186,-5.858000000000001,1963-04-01,Christian Democrats
1967-01-01,50,Italy,0.209,1.883,2.092,38.186,-5.858000000000001,1963-04-01,Christian Democrats
1968-01-01,50,Italy,0.0,3.734,0.0,39.012,-10.788,1968-05-01,Christian Democrats
1969-01-01,50,Italy,0.0,3.734,0.0,39.012,-10.788,1968-05-01,Christian Democrats
1970-01-01,50,Italy,0.0,3.734,0.0,39.012,-10.788,1968-05-01,Christian Democrats
1971-01-01,50,Italy,0.0,3.734,0.0,39.012,-10.788,1968-05-01,Christian Democrats
1972-01-01,50,Italy,0.0,0.0,0.0,38.662,3.571,1972-05-01,Christian Democrats
1973-01-01,50,Italy,0.0,0.0,0.0,38.662,3.571,1972-05-01,Christian Democrats
1974-01-01,50,Italy,0.0,0.0,0.0,38.662,3.571,1972-05-01,Christian Democrats
1975-01-01,50,Italy,0.0,0.0,0.0,38.662,3.571,1972-05-01,Christian Democrats
1976-01-01,50,Italy,0.0,1.057,0.634,38.71,3.1710000000000003,1976-06-01,Christian Democrats
1977-01-01,50,Italy,0.0,1.057,0.634,38.71,3.1710000000000003,1976-06-01,Christian Democrats
1978-01-01,50,Italy,0.0,1.057,0.634,38.71,3.1710000000000003,1976-06-01,Christian Democrats
1979-01-01,50,Italy,0.6990000000000001,1.399,0.0,38.293,-6.294,1979-06-01,Christian Democrats
1980-01-01,50,Italy,0.6990000000000001,1.399,0.0,38.293,-6.294,1979-06-01,Christian Democrats
1981-01-01,50,Italy,0.6990000000000001,1.399,0.0,38.293,-6.294,1979-06-01,Christian Democrats
1982-01-01,50,Italy,0.6990000000000001,1.399,0.0,38.293,-6.294,1979-06-01,Christian Democrats
1983-01-01,50,Italy,0.476,0.238,0.238,32.921,-2.619,1983-06-01,Christian Democrats
1984-01-01,50,Italy,0.476,0.238,0.238,32.921,-2.619,1983-06-01,Christian Democrats
1985-01-01,50,Italy,0.476,0.238,0.238,32.921,-2.619,1983-06-01,Christian Democrats
1986-01-01,50,Italy,0.476,0.238,0.238,32.921,-2.619,1983-06-01,Christian Democrats
1987-01-01,50,Italy,7.556,0.118,1.889,34.304,4.25,1987-06-01,Christian Democrats
1988-01-01,50,Italy,7.556,0.118,1.889,34.304,4.25,1987-06-01,Christian Democrats
1989-01-01,50,Italy,7.556,0.118,1.889,34.304,4.25,1987-06-01,Christian Democrats
1990-01-01,50,Italy,7.556,0.118,1.889,34.304,4.25,1987-06-01,Christian Democrats
1991-01-01,50,Italy,7.556,0.118,1.889,34.304,4.25,1987-06-01,Christian Democrats
1992-01-01,50,Italy,2.992,5.252999999999999,1.995,29.656,8.777000000000001,1992-04-01,Christian Democrats
1993-01-01,50,Italy,2.992,5.252999999999999,1.995,29.656,8.777000000000001,1992-04-01,Christian Democrats
1994-01-01,50,Italy,0.0,0.0,0.0,,47.345,1994-03-01,Italian Popular Party
1995-01-01,50,Italy,0.0,0.0,0.0,,47.345,1994-03-01,Italian Popular Party
1996-01-01,50,Italy,0.0,0.0,1.639,6.81,18.033,1996-04-01,Italian Popular Party
1997-01-01,50,Italy,0.0,0.0,1.639,6.81,18.033,1996-04-01,Italian Popular Party
1998-01-01,50,Italy,0.0,0.0,1.639,6.81,18.033,1996-04-01,Italian Popular Party
1999-01-01,50,Italy,0.0,0.0,1.639,6.81,18.033,1996-04-01,Italian Popular Party
2000-01-01,50,Italy,0.0,0.0,1.639,6.81,18.033,1996-04-01,Italian Popular Party
2001-01-01,50,Italy,3.221,5.636,0.322,3.22,18.68,2001-05-01,White Flower
2002-01-01,50,Italy,3.221,5.636,0.322,3.22,18.68,2001-05-01,White Flower
2003-01-01,50,Italy,3.221,5.636,0.322,3.22,18.68,2001-05-01,White Flower
2004-01-01,50,Italy,3.221,5.636,0.322,3.22,18.68,2001-05-01,White Flower
2005-01-01,50,Italy,3.221,5.636,0.322,3.22,18.68,2001-05-01,White Flower
2006-01-01,50,Italy,0.0,0.4,0.4,6.7620000000000005,48.19,2006-04-01,Union for Christian and Center Democrats
2007-01-01,50,Italy,0.0,0.4,0.4,6.7620000000000005,48.19,2006-04-01,Union for Christian and Center Democrats
2008-01-01,50,Italy,0.0,0.0,0.0,5.69,-11.489,2008-04-01,Union of the Center
2009-01-01,50,Italy,0.0,0.0,0.0,5.69,-11.489,2008-04-01,Union of the Center
2010-01-01,50,Italy,0.0,0.0,0.0,5.69,-11.489,2008-04-01,Union of the Center
2011-01-01,50,Italy,0.0,0.0,0.0,5.69,-11.489,2008-04-01,Union of the Center
2012-01-01,50,Italy,0.0,0.0,0.0,5.69,-11.489,2008-04-01,Union of the Center
2013-01-01,50,Italy,1.671,0.0,5.728,1.789,33.652,2013-02-01,Union of the Center
2014-01-01,50,Italy,1.671,0.0,5.728,1.789,33.652,2013-02-01,Union of the Center
2015-01-01,50,Italy,1.671,0.0,5.728,1.789,33.652,2013-02-01,Union of the Center
2016-01-01,50,Italy,1.671,0.0,5.728,1.789,33.652,2013-02-01,Union of the Center
2017-01-01,50,Italy,1.671,0.0,5.728,1.789,33.652,2013-02-01,Union of the Center
2018-01-01,50,Italy,7.657999999999999,0.45,3.604,0.618,-5.856,2018-03-01,Popular Civic List
2019-01-01,50,Italy,7.657999999999999,0.45,3.604,0.618,-5.856,2018-03-01,Popular Civic List
2020-01-01,50,Italy,7.657999999999999,0.45,3.604,0.618,-5.856,2018-03-01,Popular Civic List
1994-01-01,50,Italy,0.0,0.0,4.011,15.713,10.888,1994-03-01,Pact for Italy
1994-01-01,50,Italy,0.862,8.621,0.0,1.172,6.034,1994-03-01,Democratic Alliance
1996-01-01,50,Italy,3.704,0.0,0.0,,35.185,1996-04-01,Christian Democratic Centre
1996-01-01,50,Italy,0.0,0.0,5.667000000000002,5.84,33.667,1996-04-01,Democratic Alliance
2018-01-01,50,Italy,2.247,3.933,0.0,1.2919999999999998,11.798,2018-03-01,Us with Italy
1994-01-01,60,Italy,2.161,2.358,3.34,21.037,37.917,1994-03-01,Go Italy
1995-01-01,60,Italy,2.161,2.358,3.34,21.037,37.917,1994-03-01,Go Italy
1996-01-01,60,Italy,3.704,0.0,0.0,20.574,59.25899999999999,1996-04-01,Go Italy
1997-01-01,60,Italy,3.704,0.0,0.0,20.574,59.25899999999999,1996-04-01,Go Italy
1998-01-01,60,Italy,3.704,0.0,0.0,20.574,59.25899999999999,1996-04-01,Go Italy
1999-01-01,60,Italy,3.704,0.0,0.0,20.574,59.25899999999999,1996-04-01,Go Italy
2000-01-01,60,Italy,3.704,0.0,0.0,20.574,59.25899999999999,1996-04-01,Go Italy
2001-01-01,60,Italy,3.221,5.636,0.322,29.42,18.68,2001-05-01,Go Italy
2002-01-01,60,Italy,3.221,5.636,0.322,29.42,18.68,2001-05-01,Go Italy
2003-01-01,60,Italy,3.221,5.636,0.322,29.42,18.68,2001-05-01,Go Italy
2004-01-01,60,Italy,3.221,5.636,0.322,29.42,18.68,2001-05-01,Go Italy
2005-01-01,60,Italy,3.221,5.636,0.322,29.42,18.68,2001-05-01,Go Italy
2006-01-01,60,Italy,0.0,0.4,0.4,23.709,48.19,2006-04-01,Go Italy
2007-01-01,60,Italy,0.0,0.4,0.4,23.709,48.19,2006-04-01,Go Italy
2008-01-01,60,Italy,3.175,2.778,0.0,37.217,13.889,2008-04-01,People of Freedom
2009-01-01,60,Italy,3.175,2.778,0.0,37.217,13.889,2008-04-01,People of Freedom
2010-01-01,60,Italy,3.175,2.778,0.0,37.217,13.889,2008-04-01,People of Freedom
2011-01-01,60,Italy,3.175,2.778,0.0,37.217,13.889,2008-04-01,People of Freedom
2012-01-01,60,Italy,3.175,2.778,0.0,37.217,13.889,2008-04-01,People of Freedom
2013-01-01,60,Italy,6.19,3.333,0.9520000000000001,21.566,3.81,2013-02-01,People of Freedom
2014-01-01,60,Italy,6.19,3.333,0.9520000000000001,21.566,3.81,2013-02-01,People of Freedom
2015-01-01,60,Italy,6.19,3.333,0.9520000000000001,21.566,3.81,2013-02-01,People of Freedom
2016-01-01,60,Italy,6.19,3.333,0.9520000000000001,21.566,3.81,2013-02-01,People of Freedom
2017-01-01,60,Italy,6.19,3.333,0.9520000000000001,21.566,3.81,2013-02-01,People of Freedom
2018-01-01,60,Italy,3.125,2.083,5.207999999999998,13.525,15.625,2018-03-01,Go Italy
2019-01-01,60,Italy,3.125,2.083,5.207999999999998,13.525,15.625,2018-03-01,Go Italy
2020-01-01,60,Italy,3.125,2.083,5.207999999999998,13.525,15.625,2018-03-01,Go Italy
2001-01-01,60,Italy,3.221,5.636,0.322,0.95,18.68,2001-05-01,New Italian Socialist Party
2001-01-01,60,Italy,3.205,5.609,0.321,,19.551,2001-05-01,House of Freedom
2006-01-01,60,Italy,0.0,0.4,0.4,0.748,48.19,2006-04-01,New Italian Socialist Party
2006-01-01,60,Italy,0.0,0.4,0.4,,48.19,2006-04-01,House of Freedom
2013-01-01,60,Italy,7.592000000000001,9.761000000000001,0.6509999999999999,1.958,15.835,2013-02-01,Brothers of Italy - National Centre-right
2013-01-01,60,Italy,0.379,0.0,1.136,0.227,-10.227,2013-02-01,Labour and Freedom List
2018-01-01,60,Italy,6.593,7.143,1.648,4.201000000000001,7.692,2018-03-01,Brothers of Italy
1948-01-01,70,Italy,0.0,0.0,1.724,2.005,1.724,1948-04-01,Italian Social Movement
1949-01-01,70,Italy,0.0,0.0,1.724,2.005,1.724,1948-04-01,Italian Social Movement
1950-01-01,70,Italy,0.0,0.0,1.724,2.005,1.724,1948-04-01,Italian Social Movement
1951-01-01,70,Italy,0.0,0.0,1.724,2.005,1.724,1948-04-01,Italian Social Movement
1952-01-01,70,Italy,0.0,0.0,1.724,2.005,1.724,1948-04-01,Italian Social Movement
1953-01-01,70,Italy,0.0,0.0,5.0310000000000015,5.832999999999998,-3.145,1953-06-01,Italian Social Movement
1954-01-01,70,Italy,0.0,0.0,5.0310000000000015,5.832999999999998,-3.145,1953-06-01,Italian Social Movement
1955-01-01,70,Italy,0.0,0.0,5.0310000000000015,5.832999999999998,-3.145,1953-06-01,Italian Social Movement
1956-01-01,70,Italy,0.0,0.0,5.0310000000000015,5.832999999999998,-3.145,1953-06-01,Italian Social Movement
1957-01-01,70,Italy,0.0,0.0,5.0310000000000015,5.832999999999998,-3.145,1953-06-01,Italian Social Movement
1958-01-01,70,Italy,0.0,0.0,1.274,4.762,17.834,1958-05-01,Italian Social Movement
1959-01-01,70,Italy,0.0,0.0,1.274,4.762,17.834,1958-05-01,Italian Social Movement
1960-01-01,70,Italy,0.0,0.0,1.274,4.762,17.834,1958-05-01,Italian Social Movement
1961-01-01,70,Italy,0.0,0.0,1.274,4.762,17.834,1958-05-01,Italian Social Movement
1962-01-01,70,Italy,0.0,0.0,1.274,4.762,17.834,1958-05-01,Italian Social Movement
1963-01-01,70,Italy,0.0,0.0,0.0,5.104,4.012,1963-04-01,Italian Social Movement
1964-01-01,70,Italy,0.0,0.0,0.0,5.104,4.012,1963-04-01,Italian Social Movement
1965-01-01,70,Italy,0.0,0.0,0.0,5.104,4.012,1963-04-01,Italian Social Movement
1966-01-01,70,Italy,0.0,0.0,0.0,5.104,4.012,1963-04-01,Italian Social Movement
1967-01-01,70,Italy,0.0,0.0,0.0,5.104,4.012,1963-04-01,Italian Social Movement
1968-01-01,70,Italy,0.0,0.0,0.0,4.449,0.0,1968-05-01,Italian Social Movement
1969-01-01,70,Italy,0.0,0.0,0.0,4.449,0.0,1968-05-01,Italian Social Movement
1970-01-01,70,Italy,0.0,0.0,0.0,4.449,0.0,1968-05-01,Italian Social Movement
1971-01-01,70,Italy,0.0,0.0,0.0,4.449,0.0,1968-05-01,Italian Social Movement
1972-01-01,70,Italy,0.0,0.0,4.673,8.666,-4.673,1972-05-01,Italian Social Movement-National Right
1973-01-01,70,Italy,0.0,0.0,4.673,8.666,-4.673,1972-05-01,Italian Social Movement-National Right
1974-01-01,70,Italy,0.0,0.0,4.673,8.666,-4.673,1972-05-01,Italian Social Movement-National Right
1975-01-01,70,Italy,0.0,0.0,4.673,8.666,-4.673,1972-05-01,Italian Social Movement-National Right
1976-01-01,70,Italy,0.0,0.769,0.0,6.112,5.385,1976-06-01,Italian Social Movement-National Right
1977-01-01,70,Italy,0.0,0.769,0.0,6.112,5.385,1976-06-01,Italian Social Movement-National Right
1978-01-01,70,Italy,0.0,0.769,0.0,6.112,5.385,1976-06-01,Italian Social Movement-National Right
1979-01-01,70,Italy,0.0,0.0,0.775,5.261,4.651,1979-06-01,Italian Social Movement-National Right
1980-01-01,70,Italy,0.0,0.0,0.775,5.261,4.651,1979-06-01,Italian Social Movement-National Right
1981-01-01,70,Italy,0.0,0.0,0.775,5.261,4.651,1979-06-01,Italian Social Movement-National Right
1982-01-01,70,Italy,0.0,0.0,0.775,5.261,4.651,1979-06-01,Italian Social Movement-National Right
1983-01-01,70,Italy,3.673,1.336,0.334,6.801,0.6679999999999999,1983-06-01,Italian Social Movement-National Right
1984-01-01,70,Italy,3.673,1.336,0.334,6.801,0.6679999999999999,1983-06-01,Italian Social Movement-National Right
1985-01-01,70,Italy,3.673,1.336,0.334,6.801,0.6679999999999999,1983-06-01,Italian Social Movement-National Right
1986-01-01,70,Italy,3.673,1.336,0.334,6.801,0.6679999999999999,1983-06-01,Italian Social Movement-National Right
1987-01-01,70,Italy,0.0,0.0,0.0,5.917000000000002,53.659,1987-06-01,Italian Social Movement-National Right
1988-01-01,70,Italy,0.0,0.0,0.0,5.917000000000002,53.659,1987-06-01,Italian Social Movement-National Right
1989-01-01,70,Italy,0.0,0.0,0.0,5.917000000000002,53.659,1987-06-01,Italian Social Movement-National Right
1990-01-01,70,Italy,0.0,0.0,0.0,5.917000000000002,53.659,1987-06-01,Italian Social Movement-National Right
1991-01-01,70,Italy,0.0,0.0,0.0,5.917000000000002,53.659,1987-06-01,Italian Social Movement-National Right
1992-01-01,70,Italy,0.0,0.0,0.0,5.365,26.531,1992-04-01,Italian Social Movement-National Right
1993-01-01,70,Italy,0.0,0.0,0.0,5.365,26.531,1992-04-01,Italian Social Movement-National Right
1994-01-01,70,Italy,0.0,1.018,0.254,13.48,6.616000000000001,1994-03-01,National Alliance
1995-01-01,70,Italy,0.0,1.018,0.254,13.48,6.616000000000001,1994-03-01,National Alliance
1996-01-01,70,Italy,0.0,6.024,1.205,15.667,6.627000000000002,1996-04-01,National Alliance
1997-01-01,70,Italy,0.0,6.024,1.205,15.667,6.627000000000002,1996-04-01,National Alliance
1998-01-01,70,Italy,0.0,6.024,1.205,15.667,6.627000000000002,1996-04-01,National Alliance
1999-01-01,70,Italy,0.0,6.024,1.205,15.667,6.627000000000002,1996-04-01,National Alliance
2000-01-01,70,Italy,0.0,6.024,1.205,15.667,6.627000000000002,1996-04-01,National Alliance
2001-01-01,70,Italy,3.221,5.636,0.322,12.01,18.68,2001-05-01,National Alliance
2002-01-01,70,Italy,3.221,5.636,0.322,12.01,18.68,2001-05-01,National Alliance
2003-01-01,70,Italy,3.221,5.636,0.322,12.01,18.68,2001-05-01,National Alliance
2004-01-01,70,Italy,3.221,5.636,0.322,12.01,18.68,2001-05-01,National Alliance
2005-01-01,70,Italy,3.221,5.636,0.322,12.01,18.68,2001-05-01,National Alliance
2006-01-01,70,Italy,0.0,0.4,0.4,12.336,48.19,2006-04-01,National Alliance
2007-01-01,70,Italy,0.0,0.4,0.4,12.336,48.19,2006-04-01,National Alliance
2008-01-01,70,Italy,0.0,0.0,0.0,8.073,-3.75,2008-04-01,Northern League
2009-01-01,70,Italy,0.0,0.0,0.0,8.073,-3.75,2008-04-01,Northern League
2010-01-01,70,Italy,0.0,0.0,0.0,8.073,-3.75,2008-04-01,Northern League
2011-01-01,70,Italy,0.0,0.0,0.0,8.073,-3.75,2008-04-01,Northern League
2012-01-01,70,Italy,0.0,0.0,0.0,8.073,-3.75,2008-04-01,Northern League
2013-01-01,70,Italy,6.19,3.333,0.9520000000000001,3.861,3.81,2013-02-01,Northern League
2014-01-01,70,Italy,6.19,3.333,0.9520000000000001,3.861,3.81,2013-02-01,Northern League
2015-01-01,70,Italy,6.19,3.333,0.9520000000000001,3.861,3.81,2013-02-01,Northern League
2016-01-01,70,Italy,6.19,3.333,0.9520000000000001,3.861,3.81,2013-02-01,Northern League
2017-01-01,70,Italy,6.19,3.333,0.9520000000000001,3.861,3.81,2013-02-01,Northern League
2018-01-01,70,Italy,10.611,5.267,1.527,17.488,4.6560000000000015,2018-03-01,League
2019-01-01,70,Italy,10.611,5.267,1.527,17.488,4.6560000000000015,2018-03-01,League
2020-01-01,70,Italy,10.611,5.267,1.527,17.488,4.6560000000000015,2018-03-01,League
1992-01-01,70,Italy,2.824,2.492,2.824,8.658999999999999,8.638,1992-04-01,Northern League
1994-01-01,70,Italy,2.824,2.492,2.824,8.620000000000001,8.638,1994-03-01,Northern League
1996-01-01,70,Italy,7.9929999999999986,7.249000000000001,1.487,10.074,17.472,1996-04-01,Northern League
2001-01-01,70,Italy,3.221,5.636,0.322,3.94,18.68,2001-05-01,Northern League
2006-01-01,70,Italy,0.0,0.4,0.4,4.581,48.19,2006-04-01,Northern League
2006-01-01,90,Italy,4.73,5.36,1.65,,-17.71,2006-04-01,Autonomy Liberty Democracy (Aosta Valley)
2007-01-01,90,Italy,4.73,5.36,1.65,,-17.71,2006-04-01,Autonomy Liberty Democracy (Aosta Valley)
2008-01-01,90,Italy,4.73,5.36,1.65,,-17.71,2006-04-01,Autonomy Liberty Democracy (Aosta Valley)
2009-01-01,90,Italy,4.73,5.36,1.65,,-17.71,2006-04-01,Autonomy Liberty Democracy (Aosta Valley)
2010-01-01,90,Italy,4.73,5.36,1.65,,-17.71,2006-04-01,Autonomy Liberty Democracy (Aosta Valley)
2011-01-01,90,Italy,4.73,5.36,1.65,,-17.71,2006-04-01,Autonomy Liberty Democracy (Aosta Valley)
2012-01-01,90,Italy,4.73,5.36,1.65,,-17.71,2006-04-01,Autonomy Liberty Democracy (Aosta Valley)
2013-01-01,90,Italy,4.916,1.69,5.069,0.4320000000000001,6.759,2013-02-01,South Tyrolean People’s Party
2014-01-01,90,Italy,4.916,1.69,5.069,0.4320000000000001,6.759,2013-02-01,South Tyrolean People’s Party
2015-01-01,90,Italy,4.916,1.69,5.069,0.4320000000000001,6.759,2013-02-01,South Tyrolean People’s Party
2016-01-01,90,Italy,4.916,1.69,5.069,0.4320000000000001,6.759,2013-02-01,South Tyrolean People’s Party
2017-01-01,90,Italy,4.916,1.69,5.069,0.4320000000000001,6.759,2013-02-01,South Tyrolean People’s Party
2018-01-01,90,Italy,0.0,0.0,0.0,0.396,5.8820000000000014,2018-03-01,Coalition of South Tyrolean People’s Party and Trentino Tyrolean Autonomist Party
2019-01-01,90,Italy,0.0,0.0,0.0,0.396,5.8820000000000014,2018-03-01,Coalition of South Tyrolean People’s Party and Trentino Tyrolean Autonomist Party
2020-01-01,90,Italy,0.0,0.0,0.0,0.396,5.8820000000000014,2018-03-01,Coalition of South Tyrolean People’s Party and Trentino Tyrolean Autonomist Party
2006-01-01,90,Italy,4.73,5.36,1.65,0.478,-17.71,2006-04-01,South Tyrolean People’s Party
2013-01-01,90,Italy,9.091000000000001,0.0,0.0,0.05,-18.182,2013-02-01,Autonomy Progress Federalism Aosta Valley
1992-01-01,95,Italy,14.286,2.857,11.429,1.858,0.0,1992-04-01,The Network/Movement for Democracy
1993-01-01,95,Italy,14.286,2.857,11.429,1.858,0.0,1992-04-01,The Network/Movement for Democracy
1994-01-01,95,Italy,14.286,2.857,11.429,1.861,0.0,1994-03-01,The Network/Movement for Democracy
1995-01-01,95,Italy,14.286,2.857,11.429,1.861,0.0,1994-03-01,The Network/Movement for Democracy
1996-01-01,95,Italy,14.286,2.857,11.429,1.861,0.0,1994-03-01,The Network/Movement for Democracy
1997-01-01,95,Italy,14.286,2.857,11.429,1.861,0.0,1994-03-01,The Network/Movement for Democracy
1998-01-01,95,Italy,14.286,2.857,11.429,1.861,0.0,1994-03-01,The Network/Movement for Democracy
1999-01-01,95,Italy,14.286,2.857,11.429,1.861,0.0,1994-03-01,The Network/Movement for Democracy
2000-01-01,95,Italy,14.286,2.857,11.429,1.861,0.0,1994-03-01,The Network/Movement for Democracy
2001-01-01,95,Italy,3.145,0.0,1.887,2.4,-8.805,2001-05-01,European Democracy
2002-01-01,95,Italy,3.145,0.0,1.887,2.4,-8.805,2001-05-01,European Democracy
2003-01-01,95,Italy,3.145,0.0,1.887,2.4,-8.805,2001-05-01,European Democracy
2004-01-01,95,Italy,3.145,0.0,1.887,2.4,-8.805,2001-05-01,European Democracy
2005-01-01,95,Italy,3.145,0.0,1.887,2.4,-8.805,2001-05-01,European Democracy
2006-01-01,95,Italy,4.73,5.36,1.65,2.299,-17.71,2006-04-01,List Di Pietro - Italy of Values
2007-01-01,95,Italy,4.73,5.36,1.65,2.299,-17.71,2006-04-01,List Di Pietro - Italy of Values
2008-01-01,95,Italy,0.0,0.0,0.0,4.364,9.302,2008-04-01,List Di Pietro - Italy of Values
2009-01-01,95,Italy,0.0,0.0,0.0,4.364,9.302,2008-04-01,List Di Pietro - Italy of Values
2010-01-01,95,Italy,0.0,0.0,0.0,4.364,9.302,2008-04-01,List Di Pietro - Italy of Values
2011-01-01,95,Italy,0.0,0.0,0.0,4.364,9.302,2008-04-01,List Di Pietro - Italy of Values
2012-01-01,95,Italy,0.0,0.0,0.0,4.364,9.302,2008-04-01,List Di Pietro - Italy of Values
2013-01-01,95,Italy,25.806,0.0,0.0,25.555,-49.032,2013-02-01,Five Star Movement
2014-01-01,95,Italy,25.806,0.0,0.0,25.555,-49.032,2013-02-01,Five Star Movement
2015-01-01,95,Italy,25.806,0.0,0.0,25.555,-49.032,2013-02-01,Five Star Movement
2016-01-01,95,Italy,25.806,0.0,0.0,25.555,-49.032,2013-02-01,Five Star Movement
2017-01-01,95,Italy,25.806,0.0,0.0,25.555,-49.032,2013-02-01,Five Star Movement
2018-01-01,95,Italy,22.84,0.998,0.7979999999999999,32.165,-7.4289999999999985,2018-03-01,Five Star Movement
2019-01-01,95,Italy,22.84,0.998,0.7979999999999999,32.165,-7.4289999999999985,2018-03-01,Five Star Movement
2020-01-01,95,Italy,22.84,0.998,0.7979999999999999,32.165,-7.4289999999999985,2018-03-01,Five Star Movement
2001-01-01,95,Italy,10.288,2.877,0.349,3.9,-11.16,2001-05-01,List Di Pietro - Italy of Values
2006-01-01,95,Italy,0.0,0.4,0.4,,48.19,2006-04-01,Italy in the World
2006-01-01,95,Italy,4.73,5.36,1.65,1.401,-17.71,2006-04-01,Popular Democratic Union for Europe
2006-01-01,98,Italy,4.73,5.36,1.65,,-17.71,2006-04-01,The Union – Prodi
2007-01-01,98,Italy,4.73,5.36,1.65,,-17.71,2006-04-01,The Union – Prodi
2008-01-01,98,Italy,4.73,5.36,1.65,,-17.71,2006-04-01,The Union – Prodi
2009-01-01,98,Italy,4.73,5.36,1.65,,-17.71,2006-04-01,The Union – Prodi
2010-01-01,98,Italy,4.73,5.36,1.65,,-17.71,2006-04-01,The Union – Prodi
2011-01-01,98,Italy,4.73,5.36,1.65,,-17.71,2006-04-01,The Union – Prodi
2012-01-01,98,Italy,4.73,5.36,1.65,,-17.71,2006-04-01,The Union – Prodi
2013-01-01,98,Italy,4.73,5.36,1.65,,-17.71,2006-04-01,The Union – Prodi
2014-01-01,98,Italy,4.73,5.36,1.65,,-17.71,2006-04-01,The Union – Prodi
2015-01-01,98,Italy,4.73,5.36,1.65,,-17.71,2006-04-01,The Union – Prodi
2016-01-01,98,Italy,4.73,5.36,1.65,,-17.71,2006-04-01,The Union – Prodi
2017-01-01,98,Italy,4.73,5.36,1.65,,-17.71,2006-04-01,The Union – Prodi
2018-01-01,98,Italy,4.73,5.36,1.65,,-17.71,2006-04-01,The Union – Prodi
2019-01-01,98,Italy,4.73,5.36,1.65,,-17.71,2006-04-01,The Union – Prodi
2020-01-01,98,Italy,4.73,5.36,1.65,,-17.71,2006-04-01,The Union – Prodi
